{"cameraMode":{"drawMode":0,"name":"Shaded","section":"Shading Mode"},"sceneLighting":false,"audioPlay":false,"sceneViewState":{"showFog":true,"showMaterialUpdate":false,"showSkybox":false,"showFlares":true,"showImageEffects":true,"showParticleSystems":true},"in2DMode":false,"pivot":{"x":0.07499861717224121,"y":1.9600000381469727,"z":0.0},"rotation":{"x":-0.0040416419506073,"y":0.2791583836078644,"z":0.0011484192218631507,"w":0.9602537155151367},"size":6.138584136962891,"orthographic":true}