{"cameraMode":{"drawMode":0,"name":"Shaded","section":"Shading Mode"},"sceneLighting":true,"audioPlay":false,"sceneViewState":{"showFog":true,"showMaterialUpdate":false,"showSkybox":true,"showFlares":true,"showImageEffects":true,"showParticleSystems":true},"in2DMode":false,"pivot":{"x":214.66665649414063,"y":381.95367431640627,"z":0.0},"rotation":{"x":-0.0040416419506073,"y":0.2791583836078644,"z":0.0011484192218631507,"w":0.9602537155151367},"size":522.0983276367188,"orthographic":true}