{"cameraMode":{"drawMode":0,"name":"Shaded","section":"Shading Mode"},"sceneLighting":false,"audioPlay":false,"sceneViewState":{"showFog":true,"showMaterialUpdate":false,"showSkybox":false,"showFlares":true,"showImageEffects":true,"showParticleSystems":true},"in2DMode":false,"pivot":{"x":0.0,"y":0.9000001549720764,"z":8.32699966430664},"rotation":{"x":-0.7309474349021912,"y":-0.021074695512652398,"z":0.022622518241405488,"w":-0.681764543056488},"size":2.4191532135009767,"orthographic":true}