{"cameraMode":{"drawMode":0,"name":"Shaded","section":"Shading Mode"},"sceneLighting":false,"audioPlay":false,"sceneViewState":{"showFog":true,"showMaterialUpdate":false,"showSkybox":false,"showFlares":true,"showImageEffects":true,"showParticleSystems":true},"in2DMode":false,"pivot":{"x":167.6699981689453,"y":109.58838653564453,"z":49.939998626708987},"rotation":{"x":0.1062023788690567,"y":-0.22323305904865266,"z":0.024468684569001199,"w":0.9686664938926697},"size":10.0,"orthographic":false}