{"cameraMode":{"drawMode":0,"name":"Shaded","section":"Shading Mode"},"sceneLighting":true,"audioPlay":false,"sceneViewState":{"showFog":true,"showMaterialUpdate":false,"showSkybox":true,"showFlares":true,"showImageEffects":true,"showParticleSystems":true},"in2DMode":false,"pivot":{"x":203.9000244140625,"y":1569.9000244140625,"z":0.0},"rotation":{"x":0.018832260742783548,"y":0.08388059586286545,"z":0.0015849603805691004,"w":-0.9963041543960571},"size":1175.0621337890625,"orthographic":false}