{"cameraMode":{"drawMode":0,"name":"Shaded","section":"Shading Mode"},"sceneLighting":false,"audioPlay":false,"sceneViewState":{"showFog":true,"showMaterialUpdate":false,"showSkybox":false,"showFlares":true,"showImageEffects":true,"showParticleSystems":true},"in2DMode":false,"pivot":{"x":-0.0007432103157043457,"y":1.4668214321136475,"z":9.65818977355957},"rotation":{"x":-0.21355493366718293,"y":0.6641193628311157,"z":-0.20675192773342133,"w":-0.6860040426254273},"size":0.9547922015190125,"orthographic":false}