{"cameraMode":{"drawMode":0,"name":"Shaded","section":"Shading Mode"},"sceneLighting":false,"audioPlay":false,"sceneViewState":{"showFog":true,"showMaterialUpdate":false,"showSkybox":false,"showFlares":true,"showImageEffects":true,"showParticleSystems":true},"in2DMode":false,"pivot":{"x":-1.3300000429153443,"y":3.5799999237060549,"z":-4.393599987030029},"rotation":{"x":-0.014344263821840287,"y":0.983518123626709,"z":-0.15589699149131776,"w":-0.09054353088140488},"size":10.437211990356446,"orthographic":false}