{"cameraMode":{"drawMode":0,"name":"Shaded","section":"Shading Mode"},"sceneLighting":false,"audioPlay":false,"sceneViewState":{"showFog":true,"showMaterialUpdate":false,"showSkybox":false,"showFlares":true,"showImageEffects":true,"showParticleSystems":true},"in2DMode":false,"pivot":{"x":0.024921894073486329,"y":3.4221413135528566,"z":0.08360528945922852},"rotation":{"x":0.0021765667479485275,"y":0.6881934404373169,"z":-0.0020645633339881899,"w":0.7255216836929321},"size":6.688039302825928,"orthographic":true}